x1, x2, x3, x4, x5, x6, x7, x8, x9, x10, pred_y, real_y
2.232, -0.768, -15.768, 7.232, 4.232, -7.768, -15.768, -11.768, -1.768, 9.232, 19.507663646083145, 18.46965058