x1, x2, x3, x4, x5, x6, x7, x8, x9, x10, pred_y, real_y
-0.12, -1.12, -1.12, 1.88, -0.12, -0.12, 0.88, 0.88, -1.12, -2.12, 133.74634321505692, 40.48713726