x1, x2, x3, x4, x5, x6, x7, x8, x9, x10, pred_y, real_y
-0.12, -0.12, -0.12, 1.88, -3.12, 0.88, -0.12, -1.12, 0.88, -1.12, 119.91959576588663, 44.48713726