x1, x2, x3, x4, x5, x6, x7, x8, x9, x10, pred_y, real_y
-2.12, -0.1200000000000001, -3.12, -0.1200000000000001, 0.8799999999999999, -1.12, -0.1200000000000001, -0.1200000000000001, -1.12, -0.1200000000000001, 179.98282348627635, 56.832