x1, x2, x3, x4, x5, x6, x7, x8, x9, x10, pred_y, real_y
1.88, 1.88, 2.88, -1.12, 0.8799999999999999, -0.1200000000000001, -0.1200000000000001, 0.8799999999999999, 1.88, 0.8799999999999999, 245.19779174698107, 90.312