x1, x2, x3, x4, x5, x6, x7, x8, x9, x10, pred_y, real_y
-5.768, -12.768, 0.232, 10.232, -2.768, 0.232, -2.768, -9.768, 10.232, -11.768, 18.613360129983448, 17.63550591