x1, x2, x3, x4, x5, x6, x7, x8, x9, x10, pred_y, real_y
144.0, 38.0, -151.0, -105.0, -298.0, -133.0, -229.0, -72.0, -232.0, -157.0, 116.17449237335342, 75.57691984