x1, x2, x3, x4, x5, x6, x7, x8, x9, x10, pred_y, real_y
-125.0, -116.0, -89.0, 278.0, 66.0, -159.0, 42.0, 33.0, -76.0, 323.0, 136.79677325000756, 65.22072258