x1, x2, x3, x4, x5, x6, x7, x8, x9, x10, pred_y, real_y
2.88, -1.12, 1.88, -0.12, -3.12, 1.88, 1.88, -1.12, 0.88, -0.12, 127.70415296085686, 59.04713726