x1, x2, x3, x4, x5, x6, x7, x8, x9, x10, pred_y, real_y
2.0, 2.0, 2.0, 2.0, 3.0, 2.0, 1.0, 3.0, 4.0, 2.0, -1.6488574986719815, -0.92187094