x1, x2, x3, x4, x5, x6, x7, x8, x9, x10, pred_y, real_y
7.232, 3.232, 4.232, 6.232, -6.768, -6.768, 4.232, 13.232, -0.768, -23.768, 19.747306820358123, 18.80793198