x1, x2, x3, x4, x5, x6, x7, x8, x9, x10, pred_y, real_y
71.0, -273.0, 245.0, -60.0, -201.0, -10.0, -59.0, 75.0, 97.0, 182.0, 140.08699181663403, 59.83348314