x1, x2, x3, x4, x5, x6, x7, x8, x9, x10, pred_y, real_y
-0.12, 1.88, -1.12, -2.12, 1.88, 1.88, -1.12, 0.88, 0.88, -2.12, 121.81416270696128, 50.76713726