x1, x2, x3, x4, x5, x6, x7, x8, x9, x10, pred_y, real_y
-221.0, -118.0, 176.0, 73.0, -199.0, -66.0, -16.0, 345.0, -14.0, -5.0, 124.39985212491032, 66.63224803