x1, x2, x3, x4, x5, x6, x7, x8, x9, x10, pred_y, real_y
-1.12, -1.12, -3.12, -1.12, 0.88, -4.12, -0.12, 0.88, 1.88, -1.12, 134.05387097681862, 63.92713726