x1, x2, x3, x4, x5, x6, x7, x8, x9, x10, pred_y, real_y
13.232, 3.232, 5.232, -13.768, 14.232, -7.768, 8.232, -13.768, -12.768, -5.768, 19.957170062373624, 19.18765907