x1, x2, x3, x4, x5, x6, x7, x8, x9, x10, pred_y, real_y
1.88, -3.12, 1.88, -4.12, -1.12, -0.1200000000000001, 1.88, -0.1200000000000001, -0.1200000000000001, -0.1200000000000001, 196.07657379048618, 132.992