x1, x2, x3, x4, x5, x6, x7, x8, x9, x10, pred_y, real_y
17.232, 7.232, 6.232, -1.768, -19.768, -14.768, -6.768, -1.768, 1.232, -7.768, 19.69120551365069, 19.16908227