x1, x2, x3, x4, x5, x6, x7, x8, x9, x10, pred_y, real_y
28.0, 50.0, -10.0, -183.0, -32.0, 143.0, 191.0, 40.0, 156.0, 82.0, 132.14280387256957, 32.87189077